book,book_full,category,chapter,orig_pj,orig_std,strip_pj,strip_std,delta,flipped,fully_editorial,n_stripped,categories_hit,orig_text,stripped_text,tokens_removed,robustness,random_flip_count,p_value
Matt,Matthew,Gospel,3,0.4600,0.2005,0.7668,0.1182,-0.3068,True,False,4,sacramental|pneumatological,αὐτὸς ὑμᾶς βαπτίσει ἐν πνεύματι ἁγίῳ ⸂καὶ πυρί⸃·,αὐτὸς ὑμᾶς ⸂καὶ πυρί⸃·,βαπτίσει|ἐν|πνεύματι|ἁγίῳ,FRAGILE,78,0.7821782178217822
Matt,Matthew,Gospel,11,0.4924,0.3047,0.4950,0.3355,-0.0026,False,False,1,hamartiology,"ὅτι εἰ ἐν Τύρῳ καὶ Σιδῶνι ἐγένοντο αἱ δυνάμεις αἱ γενόμεναι ἐν ὑμῖν, πάλαι ἂν ἐν σάκκῳ καὶ σποδῷ μετενόησαν.","ὅτι εἰ ἐν Τύρῳ καὶ Σιδῶνι ἐγένοντο αἱ δυνάμεις αἱ γενόμεναι ἐν ὑμῖν, πάλαι ἂν ἐν σάκκῳ καὶ σποδῷ",μετενόησαν.,,,
Matt,Matthew,Gospel,12,0.4483,0.3492,0.3564,0.3190,0.0919,False,False,5,pneumatological,"ὃς δ’ ἂν εἴπῃ κατὰ τοῦ πνεύματος τοῦ ἁγίου, οὐκ ἀφεθήσεται αὐτῷ οὔτε ἐν ⸂τούτῳ τῷ⸃ αἰῶνι οὔτε ἐν τῷ μέλλοντι.",ὃς δ’ ἂν εἴπῃ οὐκ ἀφεθήσεται αὐτῷ οὔτε ἐν ⸂τούτῳ τῷ⸃ αἰῶνι οὔτε ἐν τῷ μέλλοντι.,"κατὰ|τοῦ|πνεύματος|τοῦ|ἁγίου,",,,
Matt,Matthew,Gospel,16,0.3052,0.1799,0.1159,0.0873,0.1893,False,False,3,eschatological,ἀμὴν λέγω ὑμῖν ⸀ὅτι εἰσίν τινες ⸂τῶν ὧδε ἑστώτων⸃ οἵτινες οὐ μὴ γεύσωνται θανάτου ἕως ἂν ἴδωσιν τὸν υἱὸν τοῦ ἀνθρώπου ἐρχόμενον ἐν τῇ βασιλείᾳ αὐτοῦ.,ἀμὴν λέγω ὑμῖν ⸀ὅτι εἰσίν τινες ⸂τῶν ὧδε ἑστώτων⸃ οἵτινες οὐ μὴ γεύσωνται θανάτου ἕως ἂν ἴδωσιν τὸν υἱὸν τοῦ ἀνθρώπου ἐρχόμενον αὐτοῦ.,ἐν|τῇ|βασιλείᾳ,,,
Matt,Matthew,Gospel,18,0.3176,0.2087,0.2142,0.1322,0.1034,False,False,5,eschatological,"Ἀμὴν λέγω ὑμῖν, ἐὰν μὴ στραφῆτε καὶ γένησθε ὡς τὰ παιδία, οὐ μὴ εἰσέλθητε εἰς τὴν βασιλείαν τῶν οὐρανῶν.","Ἀμὴν λέγω ὑμῖν, ἐὰν μὴ στραφῆτε καὶ γένησθε ὡς τὰ παιδία, οὐ μὴ εἰσέλθητε",εἰς|τὴν|βασιλείαν|τῶν|οὐρανῶν.,,,
Matt,Matthew,Gospel,20,0.2182,0.2369,0.1599,0.1516,0.0583,False,False,1,ecclesiological,"ἀλλ’ ὃς ⸀ἂν θέλῃ ἐν ὑμῖν μέγας γενέσθαι ἔσται ὑμῶν διάκονος, καὶ ὃς ⸀ἂν θέλῃ ἐν ὑμῖν εἶναι πρῶτος ⸀ἔσται ὑμῶν δοῦλος·",ἀλλ’ ὃς ⸀ἂν θέλῃ ἐν ὑμῖν μέγας γενέσθαι ἔσται ὑμῶν καὶ ὃς ⸀ἂν θέλῃ ἐν ὑμῖν εἶναι πρῶτος ⸀ἔσται ὑμῶν δοῦλος·,"διάκονος,",,,
Matt,Matthew,Gospel,21,0.4139,0.1303,,,,False,True,,sacramental,τὸ βάπτισμα ⸀τὸ Ἰωάννου πόθεν ἦν;,,,,,
Matt,Matthew,Gospel,26,0.3838,0.1408,0.6325,0.0852,-0.2487,True,False,3,pneumatological,τὸ μὲν πνεῦμα πρόθυμον ἡ δὲ σὰρξ ἀσθενής.,μὲν ἡ δὲ σὰρξ ἀσθενής.,τὸ|πνεῦμα|πρόθυμον,FRAGILE,63,0.6336633663366337
Mark,Mark,Gospel,3,0.4314,0.1833,0.2940,0.1514,0.1374,False,False,2,pneumatological,ὅτι ἔλεγον· Πνεῦμα ἀκάθαρτον ἔχει.,ὅτι ἔλεγον· ἔχει.,Πνεῦμα|ἀκάθαρτον,,,
Mark,Mark,Gospel,9,0.0688,0.0538,0.0310,0.0144,0.0378,False,False,4,eschatological,Ἀμὴν λέγω ὑμῖν ὅτι εἰσίν τινες ⸂τῶν ὧδε⸃ ἑστηκότων οἵτινες οὐ μὴ γεύσωνται θανάτου ἕως ἂν ἴδωσιν τὴν βασιλείαν τοῦ θεοῦ ἐληλυθυῖαν ἐν δυνάμει.,Ἀμὴν λέγω ὑμῖν ὅτι εἰσίν τινες ⸂τῶν ὧδε⸃ ἑστηκότων οἵτινες οὐ μὴ γεύσωνται θανάτου ἕως ἂν ἴδωσιν ἐληλυθυῖαν ἐν δυνάμει.,τὴν|βασιλείαν|τοῦ|θεοῦ,,,
Mark,Mark,Gospel,9,0.2395,0.1487,0.1112,0.0791,0.1283,False,False,6,eschatological,"καλόν ⸀σέ ἐστιν μονόφθαλμον εἰσελθεῖν εἰς τὴν βασιλείαν τοῦ θεοῦ ἢ δύο ὀφθαλμοὺς ἔχοντα βληθῆναι εἰς ⸀τὴν ⸀γέενναν, ὅπου ὁ σκώληξ αὐτῶν οὐ τελευτᾷ καὶ τὸ πῦρ οὐ σβέννυται.","καλόν ⸀σέ ἐστιν εἰσελθεῖν ἢ δύο ὀφθαλμοὺς ἔχοντα βληθῆναι εἰς ⸀τὴν ⸀γέενναν, ὅπου ὁ σκώληξ αὐτῶν οὐ τελευτᾷ καὶ τὸ πῦρ οὐ σβέννυται.",μονόφθαλμον|εἰς|τὴν|βασιλείαν|τοῦ|θεοῦ,,,
Mark,Mark,Gospel,10,0.2041,0.1412,0.1392,0.0979,0.0649,False,False,4,eschatological,"ἀμὴν λέγω ὑμῖν, ὃς ⸀ἂν μὴ δέξηται τὴν βασιλείαν τοῦ θεοῦ ὡς παιδίον, οὐ μὴ εἰσέλθῃ εἰς αὐτήν.","ἀμὴν λέγω ὑμῖν, ὃς ⸀ἂν μὴ δέξηται ὡς παιδίον, οὐ μὴ εἰσέλθῃ εἰς αὐτήν.",τὴν|βασιλείαν|τοῦ|θεοῦ,,,
Mark,Mark,Gospel,10,0.4828,0.2217,0.2411,0.1376,0.2417,False,False,4,sacramental,"⸀Τὸ ποτήριον ὃ ἐγὼ πίνω πίεσθε καὶ τὸ βάπτισμα ὃ ἐγὼ βαπτίζομαι βαπτισθήσεσθε, τὸ δὲ καθίσαι ἐκ δεξιῶν μου ⸀ἢ ἐξ εὐωνύμων οὐκ ἔστιν ἐμὸν δοῦναι, ἀλλ’ οἷς ἡτοίμασται.","⸀Τὸ ποτήριον ὃ ἐγὼ πίνω πίεσθε καὶ ὃ ἐγὼ τὸ δὲ καθίσαι ἐκ δεξιῶν μου ⸀ἢ ἐξ εὐωνύμων οὐκ ἔστιν ἐμὸν δοῦναι, ἀλλ’ οἷς ἡτοίμασται.","τὸ|βάπτισμα|βαπτίζομαι|βαπτισθήσεσθε,",,,
Mark,Mark,Gospel,10,0.2923,0.2528,0.3136,0.2390,-0.0213,False,False,1,ecclesiological,"ἀλλ’ ὃς ⸀ἂν θέλῃ ⸂μέγας γενέσθαι⸃ ἐν ὑμῖν, ἔσται ὑμῶν διάκονος, καὶ ὃς ⸀ἂν θέλῃ ⸂ἐν ὑμῖν εἶναι⸃ πρῶτος, ἔσται πάντων δοῦλος·","ἀλλ’ ὃς ⸀ἂν θέλῃ ⸂μέγας γενέσθαι⸃ ἐν ὑμῖν, ἔσται ὑμῶν καὶ ὃς ⸀ἂν θέλῃ ⸂ἐν ὑμῖν εἶναι⸃ πρῶτος, ἔσται πάντων δοῦλος·","διάκονος,",,,
Mark,Mark,Gospel,14,0.3838,0.1408,0.6325,0.0852,-0.2487,True,False,3,pneumatological,τὸ μὲν πνεῦμα πρόθυμον ἡ δὲ σὰρξ ἀσθενής.,μὲν ἡ δὲ σὰρξ ἀσθενής.,τὸ|πνεῦμα|πρόθυμον,FRAGILE,54,0.5445544554455446
Luke,Luke,Gospel,2,0.4251,0.2069,0.2888,0.2723,0.1364,False,False,2,creedal,"Ἰδοὺ οὗτος κεῖται εἰς πτῶσιν καὶ ἀνάστασιν πολλῶν ἐν τῷ Ἰσραὴλ καὶ εἰς σημεῖον ἀντιλεγόμενον, καὶ σοῦ ⸀δὲ αὐτῆς τὴν ψυχὴν διελεύσεται ῥομφαία, ὅπως ἂν ἀποκαλυφθῶσιν ἐκ πολλῶν καρδιῶν διαλογισμοί.","Ἰδοὺ οὗτος κεῖται εἰς πτῶσιν καὶ ἐν τῷ Ἰσραὴλ καὶ εἰς σημεῖον ἀντιλεγόμενον, καὶ σοῦ ⸀δὲ αὐτῆς τὴν ψυχὴν διελεύσεται ῥομφαία, ὅπως ἂν ἀποκαλυφθῶσιν ἐκ πολλῶν καρδιῶν διαλογισμοί.",ἀνάστασιν|πολλῶν,,,
Luke,Luke,Gospel,3,0.3872,0.1487,0.4901,0.0936,-0.1030,False,False,2,hamartiology,ποιήσατε οὖν καρποὺς ἀξίους τῆς μετανοίας·,ποιήσατε οὖν καρποὺς ἀξίους,τῆς|μετανοίας·,,,
Luke,Luke,Gospel,3,0.4600,0.2005,0.7668,0.1182,-0.3068,True,False,4,sacramental|pneumatological,αὐτὸς ὑμᾶς βαπτίσει ἐν πνεύματι ἁγίῳ καὶ πυρί·,αὐτὸς ὑμᾶς καὶ πυρί·,βαπτίσει|ἐν|πνεύματι|ἁγίῳ,FRAGILE,70,0.7029702970297029
Luke,Luke,Gospel,5,0.3847,0.1808,0.4239,0.1533,-0.0392,False,False,1,hamartiology,τίς δύναται ⸂ἁμαρτίας ἀφεῖναι⸃ εἰ μὴ μόνος ὁ θεός;,τίς δύναται ἀφεῖναι⸃ εἰ μὴ μόνος ὁ θεός;,⸂ἁμαρτίας,,,
Luke,Luke,Gospel,9,0.1481,0.0646,0.1271,0.0666,0.0210,False,False,4,eschatological,"λέγω δὲ ὑμῖν ἀληθῶς, εἰσίν τινες τῶν ⸀αὐτοῦ ⸀ἑστηκότων οἳ οὐ μὴ γεύσωνται θανάτου ἕως ἂν ἴδωσιν τὴν βασιλείαν τοῦ θεοῦ.","λέγω δὲ ὑμῖν ἀληθῶς, εἰσίν τινες τῶν ⸀αὐτοῦ ⸀ἑστηκότων οἳ οὐ μὴ γεύσωνται θανάτου ἕως ἂν ἴδωσιν",τὴν|βασιλείαν|τοῦ|θεοῦ.,,,
Luke,Luke,Gospel,10,0.4494,0.2902,0.4950,0.2602,-0.0455,False,False,1,hamartiology,"ὅτι εἰ ἐν Τύρῳ καὶ Σιδῶνι ⸀ἐγενήθησαν αἱ δυνάμεις αἱ γενόμεναι ἐν ὑμῖν, πάλαι ἂν ἐν σάκκῳ καὶ σποδῷ ⸀καθήμενοι μετενόησαν.","ὅτι εἰ ἐν Τύρῳ καὶ Σιδῶνι ⸀ἐγενήθησαν αἱ δυνάμεις αἱ γενόμεναι ἐν ὑμῖν, πάλαι ἂν ἐν σάκκῳ καὶ σποδῷ ⸀καθήμενοι",μετενόησαν.,,,
Luke,Luke,Gospel,10,0.2877,0.2441,0.4990,0.3157,-0.2113,False,False,2,pneumatological,"πλὴν ἐν τούτῳ μὴ χαίρετε ὅτι τὰ πνεύματα ὑμῖν ὑποτάσσεται, χαίρετε δὲ ὅτι τὰ ὀνόματα ὑμῶν ⸀ἐγγέγραπται ἐν τοῖς οὐρανοῖς.","πλὴν ἐν τούτῳ μὴ χαίρετε ὅτι ὑμῖν ὑποτάσσεται, χαίρετε δὲ ὅτι τὰ ὀνόματα ὑμῶν ⸀ἐγγέγραπται ἐν τοῖς οὐρανοῖς.",τὰ|πνεύματα,,,
Luke,Luke,Gospel,15,0.3976,0.2121,0.2542,0.1894,0.1434,False,False,2,hamartiology,λέγω ὑμῖν ὅτι οὕτως χαρὰ ⸂ἐν τῷ οὐρανῷ ἔσται⸃ ἐπὶ ἑνὶ ἁμαρτωλῷ μετανοοῦντι ἢ ἐπὶ ἐνενήκοντα ἐννέα δικαίοις οἵτινες οὐ χρείαν ἔχουσιν μετανοίας.,λέγω ὑμῖν ὅτι οὕτως χαρὰ ⸂ἐν τῷ οὐρανῷ ἔσται⸃ ἐπὶ ἑνὶ ἁμαρτωλῷ ἢ ἐπὶ ἐνενήκοντα ἐννέα δικαίοις οἵτινες οὐ χρείαν ἔχουσιν,μετανοοῦντι|μετανοίας.,,,
Luke,Luke,Gospel,18,0.2041,0.1412,0.1392,0.0979,0.0649,False,False,4,eschatological,"ἀμὴν λέγω ὑμῖν, ὃς ⸀ἂν μὴ δέξηται τὴν βασιλείαν τοῦ θεοῦ ὡς παιδίον, οὐ μὴ εἰσέλθῃ εἰς αὐτήν.","ἀμὴν λέγω ὑμῖν, ὃς ⸀ἂν μὴ δέξηται ὡς παιδίον, οὐ μὴ εἰσέλθῃ εἰς αὐτήν.",τὴν|βασιλείαν|τοῦ|θεοῦ,,,
Luke,Luke,Gospel,18,0.3827,0.2242,0.1215,0.0975,0.2612,False,False,5,eschatological,"Ἀμὴν λέγω ὑμῖν ὅτι οὐδείς ἐστιν ὃς ἀφῆκεν οἰκίαν ἢ ⸂γυναῖκα ἢ ἀδελφοὺς ἢ γονεῖς⸃ ἢ τέκνα ἕνεκεν τῆς βασιλείας τοῦ θεοῦ, ὃς ⸀οὐχὶ μὴ ⸀ἀπολάβῃ πολλαπλασίονα ἐν τῷ καιρῷ τούτῳ καὶ ἐν τῷ αἰῶνι τῷ ἐρχομένῳ ζωὴν αἰώνιον.",Ἀμὴν λέγω ὑμῖν ὅτι οὐδείς ἐστιν ὃς ἀφῆκεν οἰκίαν ἢ ⸂γυναῖκα ἢ ἀδελφοὺς ἢ γονεῖς⸃ ἢ τέκνα ὃς ⸀οὐχὶ μὴ ⸀ἀπολάβῃ πολλαπλασίονα ἐν τῷ καιρῷ τούτῳ καὶ ἐν τῷ αἰῶνι τῷ ἐρχομένῳ ζωὴν αἰώνιον.,"ἕνεκεν|τῆς|βασιλείας|τοῦ|θεοῦ,",,,
Luke,Luke,Gospel,20,0.4093,0.0674,,,,False,True,,sacramental,Τὸ βάπτισμα Ἰωάννου ἐξ οὐρανοῦ ἦν ἢ ἐξ ἀνθρώπων;,,,,,
Luke,Luke,Gospel,21,0.4736,0.2695,0.5896,0.1300,-0.1160,True,False,4,eschatological,"οὕτως καὶ ὑμεῖς, ὅταν ἴδητε ταῦτα γινόμενα, γινώσκετε ὅτι ἐγγύς ἐστιν ἡ βασιλεία τοῦ θεοῦ.","οὕτως καὶ ὑμεῖς, ὅταν ἴδητε ταῦτα γινόμενα, γινώσκετε ὅτι ἐγγύς ἐστιν",ἡ|βασιλεία|τοῦ|θεοῦ.,FRAGILE,74,0.7425742574257426
Luke,Luke,Gospel,23,0.4086,0.2794,0.3786,0.1962,0.0299,False,False,1,creedal,"καὶ ὅτε ⸀ἦλθον ἐπὶ τὸν τόπον τὸν καλούμενον Κρανίον, ἐκεῖ ἐσταύρωσαν αὐτὸν καὶ τοὺς κακούργους, ὃν μὲν ἐκ δεξιῶν ὃν δὲ ἐξ ἀριστερῶν.","καὶ ὅτε ⸀ἦλθον ἐπὶ τὸν τόπον τὸν καλούμενον Κρανίον, ἐκεῖ αὐτὸν καὶ τοὺς κακούργους, ὃν μὲν ἐκ δεξιῶν ὃν δὲ ἐξ ἀριστερῶν.",ἐσταύρωσαν,,,
Luke,Luke,Gospel,24,0.2541,0.2405,0.2053,0.1842,0.0488,False,False,1,pneumatological,"ψηλαφήσατέ με καὶ ἴδετε, ὅτι πνεῦμα σάρκα καὶ ὀστέα οὐκ ἔχει καθὼς ἐμὲ θεωρεῖτε ἔχοντα.","ψηλαφήσατέ με καὶ ἴδετε, ὅτι σάρκα καὶ ὀστέα οὐκ ἔχει καθὼς ἐμὲ θεωρεῖτε ἔχοντα.",πνεῦμα,,,
John,John,Gospel,1,0.1355,0.1412,0.2031,0.1642,-0.0676,False,False,1,sacramental,Τί οὖν βαπτίζεις εἰ σὺ οὐκ εἶ ὁ χριστὸς ⸂οὐδὲ Ἠλίας οὐδὲ⸃ ὁ προφήτης;,Τί οὖν εἰ σὺ οὐκ εἶ ὁ χριστὸς ⸂οὐδὲ Ἠλίας οὐδὲ⸃ ὁ προφήτης;,βαπτίζεις,,,
John,John,Gospel,1,0.2537,0.2212,0.3050,0.1852,-0.0513,False,False,7,sacramental|pneumatological,"Ἐφ’ ὃν ἂν ἴδῃς τὸ πνεῦμα καταβαῖνον καὶ μένον ἐπ’ αὐτόν, οὗτός ἐστιν ὁ βαπτίζων ἐν πνεύματι ἁγίῳ·","Ἐφ’ ὃν ἂν ἴδῃς καταβαῖνον καὶ μένον ἐπ’ αὐτόν, οὗτός ἐστιν",τὸ|πνεῦμα|ὁ|βαπτίζων|ἐν|πνεύματι|ἁγίῳ·,,,
John,John,Gospel,3,0.2495,0.2174,0.3197,0.1436,-0.0702,False,False,4,eschatological,"Ἀμὴν ἀμὴν λέγω σοι, ἐὰν μή τις γεννηθῇ ἄνωθεν, οὐ δύναται ἰδεῖν τὴν βασιλείαν τοῦ θεοῦ.","Ἀμὴν ἀμὴν λέγω σοι, ἐὰν μή τις γεννηθῇ ἄνωθεν, οὐ δύναται ἰδεῖν",τὴν|βασιλείαν|τοῦ|θεοῦ.,,,
John,John,Gospel,3,0.3768,0.2099,0.3573,0.1782,0.0195,False,False,6,pneumatological|eschatological,"⸀ἀπεκρίθη Ἰησοῦς· Ἀμὴν ἀμὴν λέγω σοι, ἐὰν μή τις γεννηθῇ ἐξ ὕδατος καὶ πνεύματος, οὐ δύναται εἰσελθεῖν εἰς τὴν βασιλείαν τοῦ θεοῦ.","⸀ἀπεκρίθη Ἰησοῦς· Ἀμὴν ἀμὴν λέγω σοι, ἐὰν μή τις γεννηθῇ ἐξ ὕδατος καὶ οὐ δύναται εἰσελθεῖν","πνεύματος,|εἰς|τὴν|βασιλείαν|τοῦ|θεοῦ.",,,
John,John,Gospel,3,0.3445,0.1727,0.7613,0.1699,-0.4168,True,False,2,pneumatological,"τὸ πνεῦμα ὅπου θέλει πνεῖ, καὶ τὴν φωνὴν αὐτοῦ ἀκούεις, ἀλλ’ οὐκ οἶδας πόθεν ἔρχεται καὶ ποῦ ὑπάγει·","ὅπου θέλει πνεῖ, καὶ τὴν φωνὴν αὐτοῦ ἀκούεις, ἀλλ’ οὐκ οἶδας πόθεν ἔρχεται καὶ ποῦ ὑπάγει·",τὸ|πνεῦμα,FRAGILE,13,0.13861386138613863
John,John,Gospel,6,0.3291,0.0689,0.3521,0.1195,-0.0230,False,False,2,pneumatological,"τὸ πνεῦμά ἐστιν τὸ ζῳοποιοῦν, ἡ σὰρξ οὐκ ὠφελεῖ οὐδέν·","ἐστιν τὸ ζῳοποιοῦν, ἡ σὰρξ οὐκ ὠφελεῖ οὐδέν·",τὸ|πνεῦμά,,,
John,John,Gospel,9,0.4192,0.1621,0.4036,0.1608,0.0155,False,False,1,hamartiology,"Εἰ τυφλοὶ ἦτε, οὐκ ἂν εἴχετε ἁμαρτίαν·","Εἰ τυφλοὶ ἦτε, οὐκ ἂν εἴχετε",ἁμαρτίαν·,,,
John,John,Gospel,12,0.4530,0.2659,0.4910,0.3061,-0.0381,False,False,4,ecclesiological,"ἐὰν ἐμοί ⸂τις διακονῇ⸃ ἐμοὶ ἀκολουθείτω, καὶ ὅπου εἰμὶ ἐγὼ ἐκεῖ καὶ ὁ διάκονος ὁ ἐμὸς ἔσται·","ἐὰν ἐμοί ⸂τις διακονῇ⸃ ἐμοὶ ἀκολουθείτω, καὶ ὅπου εἰμὶ ἐγὼ ἐκεῖ καὶ ἔσται·",ὁ|διάκονος|ὁ|ἐμὸς,,,
John,John,Gospel,13,0.3897,0.1459,0.7416,0.1518,-0.3519,True,False,2,ecclesiological,"ἀμὴν ἀμὴν λέγω ὑμῖν, οὐκ ἔστιν δοῦλος μείζων τοῦ κυρίου αὐτοῦ οὐδὲ ἀπόστολος μείζων τοῦ πέμψαντος αὐτόν.","ἀμὴν ἀμὴν λέγω ὑμῖν, οὐκ ἔστιν δοῦλος μείζων τοῦ κυρίου αὐτοῦ οὐδὲ τοῦ πέμψαντος αὐτόν.",ἀπόστολος|μείζων,FRAGILE,63,0.6336633663366337
John,John,Gospel,18,0.4976,0.1379,0.5430,0.1360,-0.0455,True,False,4,eschatological,νῦν δὲ ἡ βασιλεία ἡ ἐμὴ οὐκ ἔστιν ἐντεῦθεν.,νῦν δὲ οὐκ ἔστιν ἐντεῦθεν.,ἡ|βασιλεία|ἡ|ἐμὴ,FRAGILE,88,0.8811881188118812
John,John,Gospel,19,0.3371,0.2025,0.5959,0.2512,-0.2588,True,False,1,creedal,οὐκ οἶδας ὅτι ἐξουσίαν ἔχω ⸂ἀπολῦσαί σε καὶ ἐξουσίαν ἔχω σταυρῶσαί⸃ σε;,οὐκ οἶδας ὅτι ἐξουσίαν ἔχω ⸂ἀπολῦσαί σε καὶ ἐξουσίαν ἔχω σε;,σταυρῶσαί⸃,FRAGILE,28,0.2871287128712871
Acts,Acts,Disputed,1,0.3106,0.2126,0.2564,0.1515,0.0543,False,False,8,ecclesiological|pneumatological,"Τὸν μὲν πρῶτον λόγον ἐποιησάμην περὶ πάντων, ὦ Θεόφιλε, ὧν ἤρξατο ⸀ὁ Ἰησοῦς ποιεῖν τε καὶ διδάσκειν ἄχρι ἧς ἡμέρας ἐντειλάμενος τοῖς ἀποστόλοις διὰ πνεύματος ἁγίου οὓς ἐξελέξατο ἀνελήμφθη·","Τὸν μὲν πρῶτον λόγον Θεόφιλε, ὧν ἤρξατο ⸀ὁ Ἰησοῦς ποιεῖν τε καὶ διδάσκειν ἄχρι ἧς ἡμέρας ἐντειλάμενος ἁγίου οὓς ἐξελέξατο ἀνελήμφθη·","ἐποιησάμην|περὶ|πάντων,|ὦ|τοῖς|ἀποστόλοις|διὰ|πνεύματος",,,
Acts,Acts,Disputed,1,0.4065,0.1886,0.3078,0.1722,0.0987,False,False,5,sacramental|pneumatological,"ὅτι Ἰωάννης μὲν ἐβάπτισεν ὕδατι, ὑμεῖς δὲ ⸂ἐν πνεύματι βαπτισθήσεσθε⸃ ἁγίῳ οὐ μετὰ πολλὰς ταύτας ἡμέρας.","ὅτι Ἰωάννης μὲν ὕδατι, ὑμεῖς δὲ οὐ μετὰ πολλὰς ταύτας ἡμέρας.",ἐβάπτισεν|⸂ἐν|πνεύματι|βαπτισθήσεσθε⸃|ἁγίῳ,,,
Acts,Acts,Disputed,4,0.3925,0.2363,0.3551,0.1711,0.0374,False,False,2,ecclesiological,"ὅσοι γὰρ κτήτορες χωρίων ἢ οἰκιῶν ὑπῆρχον, πωλοῦντες ἔφερον τὰς τιμὰς τῶν πιπρασκομένων καὶ ἐτίθουν παρὰ τοὺς πόδας τῶν ἀποστόλων·","ὅσοι γὰρ κτήτορες χωρίων ἢ οἰκιῶν ὑπῆρχον, πωλοῦντες ἔφερον τὰς τιμὰς τῶν πιπρασκομένων καὶ ἐτίθουν παρὰ τοὺς πόδας",τῶν|ἀποστόλων·,,,
Acts,Acts,Disputed,7,0.3097,0.3042,0.3738,0.2580,-0.0641,False,False,4,pneumatological,"Σκληροτράχηλοι καὶ ἀπερίτμητοι ⸀καρδίαις καὶ τοῖς ὠσίν, ὑμεῖς ἀεὶ τῷ πνεύματι τῷ ἁγίῳ ἀντιπίπτετε, ὡς οἱ πατέρες ὑμῶν καὶ ὑμεῖς.","Σκληροτράχηλοι καὶ ἀπερίτμητοι ⸀καρδίαις καὶ τοῖς ὠσίν, ὑμεῖς ἀεὶ ἀντιπίπτετε, ὡς οἱ πατέρες ὑμῶν καὶ ὑμεῖς.",τῷ|πνεύματι|τῷ|ἁγίῳ,,,
Acts,Acts,Disputed,8,0.4229,0.2056,0.4174,0.1955,0.0055,False,False,1,sacramental,"ὁ δὲ Σίμων καὶ αὐτὸς ἐπίστευσεν, καὶ βαπτισθεὶς ἦν προσκαρτερῶν τῷ Φιλίππῳ, θεωρῶν τε ⸂σημεῖα καὶ δυνάμεις μεγάλας γινομένας⸃ ἐξίστατο.","ὁ δὲ Σίμων καὶ αὐτὸς ἐπίστευσεν, καὶ ἦν προσκαρτερῶν τῷ Φιλίππῳ, θεωρῶν τε ⸂σημεῖα καὶ δυνάμεις μεγάλας γινομένας⸃ ἐξίστατο.",βαπτισθεὶς,,,
Acts,Acts,Disputed,10,0.2968,0.1673,0.1757,0.1245,0.1211,False,False,5,sacramental|pneumatological,Μήτι τὸ ὕδωρ ⸂δύναται κωλῦσαί⸃ τις τοῦ μὴ βαπτισθῆναι τούτους οἵτινες τὸ πνεῦμα τὸ ἅγιον ἔλαβον ⸀ὡς καὶ ἡμεῖς;,Μήτι τὸ ὕδωρ ⸂δύναται κωλῦσαί⸃ τις τοῦ μὴ τούτους οἵτινες ἔλαβον ⸀ὡς καὶ ἡμεῖς;,βαπτισθῆναι|τὸ|πνεῦμα|τὸ|ἅγιον,,,
Acts,Acts,Disputed,17,0.1735,0.1134,0.4409,0.2260,-0.2674,False,False,2,creedal,Ἀκούσαντες δὲ ἀνάστασιν νεκρῶν οἱ μὲν ἐχλεύαζον οἱ δὲ εἶπαν Ἀκουσόμεθά σου ⸂περὶ τούτου καὶ πάλιν⸃.,Ἀκούσαντες δὲ οἱ μὲν ἐχλεύαζον οἱ δὲ εἶπαν Ἀκουσόμεθά σου ⸂περὶ τούτου καὶ πάλιν⸃.,ἀνάστασιν|νεκρῶν,,,
Acts,Acts,Disputed,19,0.1734,0.0700,0.2263,0.1323,-0.0529,False,False,2,pneumatological,Εἰ πνεῦμα ἅγιον ἐλάβετε πιστεύσαντες;,Εἰ ἐλάβετε πιστεύσαντες;,πνεῦμα|ἅγιον,,,
Acts,Acts,Disputed,19,0.4889,0.1123,0.3394,0.1653,0.1495,False,False,2,pneumatological,Ἀλλ’ οὐδ’ εἰ πνεῦμα ἅγιον ἔστιν ἠκούσαμεν.,Ἀλλ’ οὐδ’ εἰ ἔστιν ἠκούσαμεν.,πνεῦμα|ἅγιον,,,
Acts,Acts,Disputed,19,0.4344,0.1980,0.5630,0.1509,-0.1286,True,False,4,pneumatological,"Δυνάμεις τε οὐ τὰς τυχούσας ⸂ὁ θεὸς ἐποίει⸃ διὰ τῶν χειρῶν Παύλου, ὥστε καὶ ἐπὶ τοὺς ἀσθενοῦντας ⸀ἀποφέρεσθαι ἀπὸ τοῦ χρωτὸς αὐτοῦ σουδάρια ἢ σιμικίνθια καὶ ἀπαλλάσσεσθαι ἀπ’ αὐτῶν τὰς νόσους, τά τε πνεύματα τὰ πονηρὰ ⸀ἐκπορεύεσθαι.","Δυνάμεις τε οὐ τὰς τυχούσας ⸂ὁ θεὸς ἐποίει⸃ διὰ τῶν χειρῶν Παύλου, ὥστε καὶ ἐπὶ τοὺς ἀσθενοῦντας ⸀ἀποφέρεσθαι ἀπὸ τοῦ χρωτὸς αὐτοῦ σουδάρια ἢ σιμικίνθια καὶ ἀπαλλάσσεσθαι ἀπ’ αὐτῶν τὰς νόσους, τε ⸀ἐκπορεύεσθαι.",τά|πνεύματα|τὰ|πονηρὰ,FRAGILE,44,0.44554455445544555
Acts,Acts,Disputed,19,0.3794,0.2072,0.4044,0.2045,-0.0250,False,False,2,ecclesiological,"ἄλλοι μὲν οὖν ἄλλο τι ἔκραζον, ἦν γὰρ ἡ ἐκκλησία συγκεχυμένη, καὶ οἱ πλείους οὐκ ᾔδεισαν τίνος ἕνεκα συνεληλύθεισαν.","ἄλλοι μὲν οὖν ἄλλο τι ἔκραζον, ἦν γὰρ συγκεχυμένη, καὶ οἱ πλείους οὐκ ᾔδεισαν τίνος ἕνεκα συνεληλύθεισαν.",ἡ|ἐκκλησία,,,
Acts,Acts,Disputed,23,0.2844,0.1700,0.2207,0.1337,0.0637,False,False,2,creedal|pneumatological,"Σαδδουκαῖοι ⸀μὲν γὰρ λέγουσιν μὴ εἶναι ἀνάστασιν ⸀μήτε ἄγγελον μήτε πνεῦμα, Φαρισαῖοι δὲ ὁμολογοῦσιν τὰ ἀμφότερα.",Σαδδουκαῖοι ⸀μὲν γὰρ λέγουσιν μὴ εἶναι ⸀μήτε ἄγγελον μήτε Φαρισαῖοι δὲ ὁμολογοῦσιν τὰ ἀμφότερα.,"ἀνάστασιν|πνεῦμα,",,,
Rom,Romans,KnownPauline,3,0.2481,0.1310,0.2408,0.0708,0.0073,False,False,2,hamartiology,"οὐ πάντως, προῃτιασάμεθα γὰρ Ἰουδαίους τε καὶ Ἕλληνας πάντας ὑφ’ ἁμαρτίαν εἶναι, καθὼς γέγραπται ὅτι Οὐκ ἔστιν δίκαιος οὐδὲ εἷς, οὐκ ἔστιν ⸀ὁ συνίων, οὐκ ἔστιν ⸁ὁ ἐκζητῶν τὸν θεόν·","οὐ πάντως, προῃτιασάμεθα γὰρ Ἰουδαίους τε καὶ Ἕλληνας πάντας εἶναι, καθὼς γέγραπται ὅτι Οὐκ ἔστιν δίκαιος οὐδὲ εἷς, οὐκ ἔστιν ⸀ὁ συνίων, οὐκ ἔστιν ⸁ὁ ἐκζητῶν τὸν θεόν·",ὑφ’|ἁμαρτίαν,,,
Rom,Romans,KnownPauline,6,0.4280,0.1817,0.5738,0.2406,-0.1459,True,False,2,hamartiology,"⸀ἐπιμένωμεν τῇ ἁμαρτίᾳ, ἵνα ἡ χάρις πλεονάσῃ;",⸀ἐπιμένωμεν ἵνα ἡ χάρις πλεονάσῃ;,"τῇ|ἁμαρτίᾳ,",FRAGILE,71,0.7128712871287128
Rom,Romans,KnownPauline,6,0.3503,0.1383,0.2915,0.2066,0.0589,False,False,3,hamartiology,οὕτως καὶ ὑμεῖς λογίζεσθε ἑαυτοὺς ⸂εἶναι νεκροὺς μὲν⸃ τῇ ἁμαρτίᾳ ζῶντας δὲ τῷ θεῷ ἐν Χριστῷ ⸀Ἰησοῦ.,οὕτως καὶ ὑμεῖς λογίζεσθε ἑαυτοὺς ⸂εἶναι μὲν⸃ ζῶντας δὲ τῷ θεῷ ἐν Χριστῷ ⸀Ἰησοῦ.,νεκροὺς|τῇ|ἁμαρτίᾳ,,,
Rom,Romans,KnownPauline,6,0.4940,0.1911,0.5945,0.1790,-0.1004,True,False,1,hamartiology,"ἁμαρτία γὰρ ὑμῶν οὐ κυριεύσει, οὐ γάρ ἐστε ὑπὸ νόμον ἀλλὰ ὑπὸ χάριν.","γὰρ ὑμῶν οὐ κυριεύσει, οὐ γάρ ἐστε ὑπὸ νόμον ἀλλὰ ὑπὸ χάριν.",ἁμαρτία,FRAGILE,63,0.6336633663366337
Rom,Romans,KnownPauline,7,0.3995,0.1905,0.6302,0.1696,-0.2307,True,False,1,hamartiology,"εἰ δὲ ὃ οὐ ⸀θέλω τοῦτο ποιῶ, οὐκέτι ἐγὼ κατεργάζομαι αὐτὸ ἀλλὰ ἡ οἰκοῦσα ἐν ἐμοὶ ἁμαρτία.","εἰ δὲ ὃ οὐ ⸀θέλω τοῦτο ποιῶ, οὐκέτι ἐγὼ κατεργάζομαι αὐτὸ ἀλλὰ ἡ οἰκοῦσα ἐν ἐμοὶ",ἁμαρτία.,FRAGILE,34,0.3465346534653465
Rom,Romans,KnownPauline,8,0.3829,0.1109,0.4195,0.1404,-0.0366,False,False,2,pneumatological,"τὸ γὰρ φρόνημα τῆς σαρκὸς θάνατος, τὸ δὲ φρόνημα τοῦ πνεύματος ζωὴ καὶ εἰρήνη·","τὸ γὰρ φρόνημα τῆς σαρκὸς θάνατος, τὸ δὲ φρόνημα ζωὴ καὶ εἰρήνη·",τοῦ|πνεύματος,,,
Rom,Romans,KnownPauline,8,0.4932,0.2372,0.7353,0.1557,-0.2421,True,False,4,pneumatological,"Ὑμεῖς δὲ οὐκ ἐστὲ ἐν σαρκὶ ἀλλὰ ἐν πνεύματι, εἴπερ πνεῦμα θεοῦ οἰκεῖ ἐν ὑμῖν.",Ὑμεῖς δὲ οὐκ ἐστὲ ἐν σαρκὶ ἀλλὰ εἴπερ οἰκεῖ ἐν ὑμῖν.,"ἐν|πνεύματι,|πνεῦμα|θεοῦ",FRAGILE,79,0.7920792079207921
Rom,Romans,KnownPauline,8,0.2195,0.0716,0.3578,0.1355,-0.1384,False,False,4,hamartiology|pneumatological,"εἰ δὲ Χριστὸς ἐν ὑμῖν, τὸ μὲν σῶμα νεκρὸν διὰ ἁμαρτίαν, τὸ δὲ πνεῦμα ζωὴ διὰ δικαιοσύνην.","εἰ δὲ Χριστὸς ἐν ὑμῖν, τὸ μὲν σῶμα νεκρὸν δὲ ζωὴ διὰ δικαιοσύνην.","διὰ|ἁμαρτίαν,|τὸ|πνεῦμα",,,
Rom,Romans,KnownPauline,8,0.2748,0.1518,0.2623,0.1030,0.0125,False,False,2,pneumatological,"οὐ μόνον δέ, ἀλλὰ ⸂καὶ αὐτοὶ⸃ τὴν ἀπαρχὴν τοῦ πνεύματος ἔχοντες ⸂ἡμεῖς καὶ⸃ αὐτοὶ ἐν ἑαυτοῖς στενάζομεν, υἱοθεσίαν ἀπεκδεχόμενοι τὴν ἀπολύτρωσιν τοῦ σώματος ἡμῶν.","οὐ μόνον δέ, ἀλλὰ ⸂καὶ αὐτοὶ⸃ τὴν ἀπαρχὴν ἔχοντες ⸂ἡμεῖς καὶ⸃ αὐτοὶ ἐν ἑαυτοῖς στενάζομεν, υἱοθεσίαν ἀπεκδεχόμενοι τὴν ἀπολύτρωσιν τοῦ σώματος ἡμῶν.",τοῦ|πνεύματος,,,
Rom,Romans,KnownPauline,8,0.3579,0.1935,0.7002,0.1569,-0.3423,True,False,2,pneumatological,Ὡσαύτως δὲ καὶ τὸ πνεῦμα συναντιλαμβάνεται ⸂τῇ ἀσθενείᾳ⸃ ἡμῶν·,Ὡσαύτως δὲ καὶ συναντιλαμβάνεται ⸂τῇ ἀσθενείᾳ⸃ ἡμῶν·,τὸ|πνεῦμα,FRAGILE,78,0.7821782178217822
Rom,Romans,KnownPauline,8,0.4362,0.2450,0.2626,0.1850,0.1737,False,False,6,pneumatological,"τὸ γὰρ τί ⸀προσευξώμεθα καθὸ δεῖ οὐκ οἴδαμεν, ἀλλὰ αὐτὸ τὸ πνεῦμα ⸀ὑπερεντυγχάνει στεναγμοῖς ἀλαλήτοις, ὁ δὲ ἐραυνῶν τὰς καρδίας οἶδεν τί τὸ φρόνημα τοῦ πνεύματος, ὅτι κατὰ θεὸν ἐντυγχάνει ὑπὲρ ἁγίων.","τί ⸀προσευξώμεθα καθὸ δεῖ οὐκ οἴδαμεν, ἀλλὰ αὐτὸ ⸀ὑπερεντυγχάνει στεναγμοῖς ἀλαλήτοις, ὁ δὲ ἐραυνῶν τὰς καρδίας οἶδεν τί τὸ φρόνημα ὅτι κατὰ θεὸν ἐντυγχάνει ὑπὲρ ἁγίων.","τὸ|γὰρ|τὸ|πνεῦμα|τοῦ|πνεύματος,",,,
Rom,Romans,KnownPauline,11,0.2801,0.1651,0.2824,0.2409,-0.0023,False,False,1,ecclesiological,"ἐφ’ ὅσον μὲν ⸀οὖν εἰμι ἐγὼ ἐθνῶν ἀπόστολος, τὴν διακονίαν μου δοξάζω, εἴ πως παραζηλώσω μου τὴν σάρκα καὶ σώσω τινὰς ἐξ αὐτῶν.","ἐφ’ ὅσον μὲν ⸀οὖν εἰμι ἐγὼ ἐθνῶν τὴν διακονίαν μου δοξάζω, εἴ πως παραζηλώσω μου τὴν σάρκα καὶ σώσω τινὰς ἐξ αὐτῶν.","ἀπόστολος,",,,
Rom,Romans,KnownPauline,14,0.4929,0.2407,0.3115,0.1557,0.1814,False,False,7,pneumatological|eschatological,"οὐ γάρ ἐστιν ἡ βασιλεία τοῦ θεοῦ βρῶσις καὶ πόσις, ἀλλὰ δικαιοσύνη καὶ εἰρήνη καὶ χαρὰ ἐν πνεύματι ἁγίῳ·","οὐ γάρ ἐστιν βρῶσις καὶ πόσις, ἀλλὰ δικαιοσύνη καὶ εἰρήνη καὶ χαρὰ",ἡ|βασιλεία|τοῦ|θεοῦ|ἐν|πνεύματι|ἁγίῳ·,,,
1Cor,1 Corinthians,KnownPauline,4,0.4252,0.2075,0.5873,0.1731,-0.1621,True,False,2,pneumatological,"τί θέλετε; ἐν ῥάβδῳ ἔλθω πρὸς ὑμᾶς, ἢ ἐν ἀγάπῃ πνεύματί τε πραΰτητος;","τί θέλετε; ἐν ῥάβδῳ ἔλθω πρὸς ὑμᾶς, ἢ ἐν ἀγάπῃ τε",πνεύματί|πραΰτητος;,FRAGILE,85,0.8514851485148515
1Cor,1 Corinthians,KnownPauline,6,0.0219,0.0414,0.0140,0.0308,0.0079,False,False,6,eschatological,"μὴ πλανᾶσθε· οὔτε πόρνοι οὔτε εἰδωλολάτραι οὔτε μοιχοὶ οὔτε μαλακοὶ οὔτε ἀρσενοκοῖται οὔτε ⸂κλέπται οὔτε πλεονέκται⸃, ⸀οὐ μέθυσοι, οὐ λοίδοροι, οὐχ ἅρπαγες βασιλείαν ⸀θεοῦ κληρονομήσουσιν.","πόρνοι οὔτε εἰδωλολάτραι οὔτε μοιχοὶ οὔτε μαλακοὶ οὔτε ἀρσενοκοῖται οὔτε ⸂κλέπται οὔτε πλεονέκται⸃, ⸀οὐ μέθυσοι, οὐ λοίδοροι, οὐχ κληρονομήσουσιν.",μὴ|πλανᾶσθε·|οὔτε|ἅρπαγες|βασιλείαν|⸀θεοῦ,,,
1Cor,1 Corinthians,KnownPauline,9,0.3901,0.1446,,,,False,True,,ecclesiological,οὐκ εἰμὶ ἀπόστολος⸃;,,,,,
1Cor,1 Corinthians,KnownPauline,11,0.4323,0.1594,0.3641,0.1410,0.0682,False,False,2,ecclesiological,"πρῶτον μὲν γὰρ συνερχομένων ὑμῶν ἐν ἐκκλησίᾳ ἀκούω σχίσματα ἐν ὑμῖν ὑπάρχειν, καὶ μέρος τι πιστεύω.","πρῶτον μὲν γὰρ συνερχομένων ὑμῶν ἀκούω σχίσματα ἐν ὑμῖν ὑπάρχειν, καὶ μέρος τι πιστεύω.",ἐν|ἐκκλησίᾳ,,,
1Cor,1 Corinthians,KnownPauline,12,0.3443,0.1581,0.4141,0.1550,-0.0697,False,False,3,pneumatological,"Διαιρέσεις δὲ χαρισμάτων εἰσίν, τὸ δὲ αὐτὸ πνεῦμα·","Διαιρέσεις δὲ χαρισμάτων εἰσίν, δὲ",τὸ|αὐτὸ|πνεῦμα·,,,
1Cor,1 Corinthians,KnownPauline,12,0.3504,0.0826,,,,False,True,,ecclesiological,μὴ πάντες ἀπόστολοι;,,,,,
1Cor,1 Corinthians,KnownPauline,14,0.4179,0.1223,0.4130,0.1130,0.0049,False,False,1,pneumatological,"ὁ γὰρ λαλῶν γλώσσῃ οὐκ ἀνθρώποις λαλεῖ ⸀ἀλλὰ θεῷ, οὐδεὶς γὰρ ἀκούει, πνεύματι δὲ λαλεῖ μυστήρια·","ὁ γὰρ λαλῶν γλώσσῃ οὐκ ἀνθρώποις λαλεῖ ⸀ἀλλὰ θεῷ, οὐδεὶς γὰρ ἀκούει, δὲ λαλεῖ μυστήρια·",πνεύματι,,,
1Cor,1 Corinthians,KnownPauline,14,0.4831,0.2592,0.7316,0.2392,-0.2485,True,False,2,pneumatological,"προσεύξομαι τῷ πνεύματι, προσεύξομαι δὲ καὶ τῷ νοΐ·",προσεύξομαι προσεύξομαι δὲ καὶ τῷ νοΐ·,"τῷ|πνεύματι,",FRAGILE,67,0.6732673267326733
1Cor,1 Corinthians,KnownPauline,14,0.2972,0.2293,0.5870,0.2669,-0.2898,True,False,2,pneumatological,"ψαλῶ τῷ πνεύματι, ψαλῶ δὲ καὶ τῷ νοΐ·",ψαλῶ ψαλῶ δὲ καὶ τῷ νοΐ·,"τῷ|πνεύματι,",FRAGILE,45,0.45544554455445546
1Cor,1 Corinthians,KnownPauline,14,0.3368,0.2288,0.3340,0.1722,0.0027,False,False,3,ecclesiological,"ἐὰν οὖν συνέλθῃ ἡ ἐκκλησία ὅλη ἐπὶ τὸ αὐτὸ καὶ πάντες ⸂λαλῶσιν γλώσσαις⸃, εἰσέλθωσιν δὲ ἰδιῶται ἢ ἄπιστοι, οὐκ ἐροῦσιν ὅτι μαίνεσθε;","ἐὰν οὖν συνέλθῃ ἐπὶ τὸ αὐτὸ καὶ πάντες ⸂λαλῶσιν γλώσσαις⸃, εἰσέλθωσιν δὲ ἰδιῶται ἢ ἄπιστοι, οὐκ ἐροῦσιν ὅτι μαίνεσθε;",ἡ|ἐκκλησία|ὅλη,,,
1Cor,1 Corinthians,KnownPauline,14,0.3966,0.2203,0.2755,0.1614,0.1210,False,False,23,ecclesiological|pneumatological,"δύνασθε γὰρ καθ’ ἕνα πάντες προφητεύειν, ἵνα πάντες μανθάνωσιν καὶ πάντες παρακαλῶνται (καὶ πνεύματα προφητῶν προφήταις ὑποτάσσεται, οὐ γάρ ἐστιν ἀκαταστασίας ὁ θεὸς ἀλλὰ εἰρήνης), ὡς ἐν πάσαις ταῖς ἐκκλησίαις τῶν ἁγίων.","δύνασθε προφητεύειν, ἵνα μανθάνωσιν (καὶ οὐ θεὸς ἀλλὰ ὡς","γὰρ|καθ’|ἕνα|πάντες|πάντες|καὶ|πάντες|παρακαλῶνται|πνεύματα|προφητῶν|προφήταις|ὑποτάσσεται,|γάρ|ἐστιν|ἀκαταστασίας|ὁ|εἰρήνης),|ἐν|πάσαις|ταῖς|ἐκκλησίαις|τῶν|ἁγίων.",,,
1Cor,1 Corinthians,KnownPauline,14,0.4133,0.1687,0.4863,0.1725,-0.0729,False,False,3,ecclesiological,"Αἱ ⸀γυναῖκες ἐν ταῖς ἐκκλησίαις σιγάτωσαν, οὐ γὰρ ⸀ἐπιτρέπεται αὐταῖς λαλεῖν·","Αἱ ⸀γυναῖκες σιγάτωσαν, οὐ γὰρ ⸀ἐπιτρέπεται αὐταῖς λαλεῖν·",ἐν|ταῖς|ἐκκλησίαις,,,
1Cor,1 Corinthians,KnownPauline,15,0.3461,0.1736,0.5102,0.1396,-0.1641,True,False,2,creedal,"εἰ δὲ ἀνάστασις νεκρῶν οὐκ ἔστιν, οὐδὲ Χριστὸς ἐγήγερται·","εἰ δὲ οὐκ ἔστιν, οὐδὲ Χριστὸς ἐγήγερται·",ἀνάστασις|νεκρῶν,FRAGILE,34,0.3465346534653465
1Cor,1 Corinthians,KnownPauline,15,0.1173,0.0920,0.0835,0.0566,0.0338,False,False,2,eschatological,"Τοῦτο δέ φημι, ἀδελφοί, ὅτι σὰρξ καὶ αἷμα βασιλείαν θεοῦ κληρονομῆσαι οὐ ⸀δύναται, οὐδὲ ἡ φθορὰ τὴν ἀφθαρσίαν κληρονομεῖ.","Τοῦτο δέ φημι, ἀδελφοί, ὅτι σὰρξ καὶ αἷμα κληρονομῆσαι οὐ ⸀δύναται, οὐδὲ ἡ φθορὰ τὴν ἀφθαρσίαν κληρονομεῖ.",βασιλείαν|θεοῦ,,,
2Cor,2 Corinthians,KnownPauline,3,0.3739,0.2196,0.1931,0.1547,0.1808,False,False,18,ecclesiological|pneumatological,"οὐχ ὅτι ⸂ἀφ’ ἑαυτῶν ἱκανοί ἐσμεν⸃ λογίσασθαί τι ὡς ἐξ ⸀αὑτῶν, ἀλλ’ ἡ ἱκανότης ἡμῶν ἐκ τοῦ θεοῦ, ὃς καὶ ἱκάνωσεν ἡμᾶς διακόνους καινῆς διαθήκης, οὐ γράμματος ἀλλὰ πνεύματος, τὸ γὰρ γράμμα ἀποκτέννει, τὸ δὲ πνεῦμα ζῳοποιεῖ.","οὐχ ὅτι ⸂ἀφ’ ἑαυτῶν τι ἀλλ’ ἡ ἱκανότης ἡμῶν ὃς καὶ ἱκάνωσεν ἡμᾶς οὐ τὸ γὰρ γράμμα ἀποκτέννει, ζῳοποιεῖ.","ἱκανοί|ἐσμεν⸃|λογίσασθαί|ὡς|ἐξ|⸀αὑτῶν,|ἐκ|τοῦ|θεοῦ,|διακόνους|καινῆς|διαθήκης,|γράμματος|ἀλλὰ|πνεύματος,|τὸ|δὲ|πνεῦμα",,,
2Cor,2 Corinthians,KnownPauline,6,0.3646,0.2192,0.3231,0.1650,0.0415,False,False,9,pneumatological,"ἐν ὑπομονῇ πολλῇ, ἐν θλίψεσιν, ἐν ἀνάγκαις, ἐν στενοχωρίαις, ἐν πληγαῖς, ἐν φυλακαῖς, ἐν ἀκαταστασίαις, ἐν κόποις, ἐν ἀγρυπνίαις, ἐν νηστείαις, ἐν ἁγνότητι, ἐν γνώσει, ἐν μακροθυμίᾳ, ἐν χρηστότητι, ἐν πνεύματι ἁγίῳ, ἐν ἀγάπῃ ἀνυποκρίτῳ, ἐν λόγῳ ἀληθείας, ἐν δυνάμει θεοῦ·","ἐν θλίψεσιν, ἐν ἀνάγκαις, ἐν στενοχωρίαις, ἐν πληγαῖς, ἐν φυλακαῖς, ἐν ἀκαταστασίαις, ἐν κόποις, νηστείαις, ἐν ἁγνότητι, ἐν γνώσει, ἐν μακροθυμίᾳ, ἐν χρηστότητι, ἐν ἀγάπῃ ἀνυποκρίτῳ, ἐν λόγῳ ἀληθείας, ἐν δυνάμει θεοῦ·","ἐν|ὑπομονῇ|πολλῇ,|ἐν|ἀγρυπνίαις,|ἐν|ἐν|πνεύματι|ἁγίῳ,",,,
2Cor,2 Corinthians,KnownPauline,10,0.2522,0.1121,0.2805,0.1283,-0.0283,False,False,7,eschatological,"ὅτι Αἱ ⸂ἐπιστολαὶ μέν⸃, φησίν, βαρεῖαι καὶ ἰσχυραί, ἡ δὲ παρουσία τοῦ σώματος ἀσθενὴς καὶ ὁ λόγος ἐξουθενημένος.","ὅτι Αἱ ⸂ἐπιστολαὶ μέν⸃, φησίν, καὶ δὲ καὶ ὁ λόγος ἐξουθενημένος.","βαρεῖαι|ἰσχυραί,|ἡ|παρουσία|τοῦ|σώματος|ἀσθενὴς",,,
2Cor,2 Corinthians,KnownPauline,11,0.2305,0.1437,0.2202,0.1194,0.0103,False,False,2,pneumatological,"εἰ μὲν γὰρ ὁ ἐρχόμενος ἄλλον Ἰησοῦν κηρύσσει ὃν οὐκ ἐκηρύξαμεν, ἢ πνεῦμα ἕτερον λαμβάνετε ὃ οὐκ ἐλάβετε, ἢ εὐαγγέλιον ἕτερον ὃ οὐκ ἐδέξασθε, καλῶς ⸀ἀνέχεσθε.","εἰ μὲν γὰρ ὁ ἐρχόμενος ἄλλον Ἰησοῦν κηρύσσει ὃν οὐκ ἐκηρύξαμεν, ἢ λαμβάνετε ὃ οὐκ ἐλάβετε, ἢ εὐαγγέλιον ἕτερον ὃ οὐκ ἐδέξασθε, καλῶς ⸀ἀνέχεσθε.",πνεῦμα|ἕτερον,,,
2Cor,2 Corinthians,KnownPauline,12,0.4550,0.1546,0.5467,0.2096,-0.0917,True,False,4,ecclesiological,"οὐδὲν γὰρ ὑστέρησα τῶν ὑπερλίαν ἀποστόλων, εἰ καὶ οὐδέν εἰμι·",γὰρ ὑστέρησα ὑπερλίαν εἰ καὶ εἰμι·,"οὐδὲν|τῶν|ἀποστόλων,|οὐδέν",FRAGILE,46,0.46534653465346537
2Cor,2 Corinthians,KnownPauline,12,0.3167,0.1530,0.2569,0.0838,0.0598,False,False,2,ecclesiological,"τὰ μὲν σημεῖα τοῦ ἀποστόλου κατειργάσθη ἐν ὑμῖν ἐν πάσῃ ⸀ὑπομονῇ, σημείοις ⸀τε καὶ τέρασιν καὶ δυνάμεσιν.","τὰ μὲν σημεῖα κατειργάσθη ἐν ὑμῖν ἐν πάσῃ ⸀ὑπομονῇ, σημείοις ⸀τε καὶ τέρασιν καὶ δυνάμεσιν.",τοῦ|ἀποστόλου,,,
2Cor,2 Corinthians,KnownPauline,12,0.3367,0.1156,,,,False,True,,pneumatological,οὐ τῷ αὐτῷ πνεύματι περιεπατήσαμεν;,,,,,
Gal,Galatians,KnownPauline,1,0.4905,0.2016,0.4731,0.1542,0.0174,False,False,20,ecclesiological,"Παῦλος ἀπόστολος, οὐκ ἀπ’ ἀνθρώπων οὐδὲ δι’ ἀνθρώπου ἀλλὰ διὰ Ἰησοῦ Χριστοῦ καὶ θεοῦ πατρὸς τοῦ ἐγείραντος αὐτὸν ἐκ νεκρῶν, καὶ οἱ σὺν ἐμοὶ πάντες ἀδελφοί, ταῖς ἐκκλησίαις τῆς Γαλατίας·","Παῦλος οὐδὲ καὶ τοῦ ἐγείραντος αὐτὸν ἐκ νεκρῶν, καὶ ἀδελφοί,","ἀπόστολος,|οὐκ|ἀπ’|ἀνθρώπων|δι’|ἀνθρώπου|ἀλλὰ|διὰ|Ἰησοῦ|Χριστοῦ|θεοῦ|πατρὸς|οἱ|σὺν|ἐμοὶ|πάντες|ταῖς|ἐκκλησίαις|τῆς|Γαλατίας·",,,
Gal,Galatians,KnownPauline,4,0.3927,0.1297,0.4858,0.1309,-0.0931,False,False,3,pneumatological,"ἀλλ’ ὥσπερ τότε ὁ κατὰ σάρκα γεννηθεὶς ἐδίωκε τὸν κατὰ πνεῦμα, οὕτως καὶ νῦν.",ἀλλ’ ὥσπερ τότε ὁ κατὰ σάρκα γεννηθεὶς ἐδίωκε οὕτως καὶ νῦν.,"τὸν|κατὰ|πνεῦμα,",,,
Gal,Galatians,KnownPauline,5,0.3353,0.2220,0.5328,0.2566,-0.1975,True,False,1,pneumatological,"εἰ δὲ πνεύματι ἄγεσθε, οὐκ ἐστὲ ὑπὸ νόμον.","εἰ δὲ ἄγεσθε, οὐκ ἐστὲ ὑπὸ νόμον.",πνεύματι,FRAGILE,47,0.4752475247524752
Gal,Galatians,KnownPauline,5,0.3974,0.1455,0.3062,0.1027,0.0912,False,False,2,pneumatological,"εἰ ζῶμεν πνεύματι, πνεύματι καὶ στοιχῶμεν.",εἰ ζῶμεν καὶ στοιχῶμεν.,"πνεύματι,|πνεύματι",,,
Gal,Galatians,KnownPauline,6,0.3793,0.2062,0.4649,0.2276,-0.0857,False,False,3,pneumatological,"Ἀδελφοί, ἐὰν καὶ προλημφθῇ ἄνθρωπος ἔν τινι παραπτώματι, ὑμεῖς οἱ πνευματικοὶ καταρτίζετε τὸν τοιοῦτον ἐν πνεύματι πραΰτητος, σκοπῶν σεαυτόν, μὴ καὶ σὺ πειρασθῇς.","Ἀδελφοί, ἐὰν καὶ προλημφθῇ ἄνθρωπος ἔν τινι παραπτώματι, ὑμεῖς οἱ πνευματικοὶ καταρτίζετε τὸν τοιοῦτον σκοπῶν σεαυτόν, μὴ καὶ σὺ πειρασθῇς.","ἐν|πνεύματι|πραΰτητος,",,,
1Thess,1 Thessalonians,KnownPauline,2,0.3757,0.2178,0.4822,0.1796,-0.1065,False,False,3,ecclesiological,"οὔτε γάρ ποτε ἐν λόγῳ κολακείας ἐγενήθημεν, καθὼς οἴδατε, οὔτε ⸀ἐν προφάσει πλεονεξίας, θεὸς μάρτυς, οὔτε ζητοῦντες ἐξ ἀνθρώπων δόξαν, οὔτε ἀφ’ ὑμῶν οὔτε ἀπ’ ἄλλων, δυνάμενοι ἐν βάρει εἶναι ὡς Χριστοῦ ἀπόστολοι·","οὔτε γάρ ποτε ἐν λόγῳ κολακείας καθὼς οἴδατε, οὔτε ⸀ἐν προφάσει πλεονεξίας, θεὸς μάρτυς, οὔτε ζητοῦντες ἐξ ἀνθρώπων δόξαν, οὔτε ὑμῶν οὔτε ἀπ’ ἄλλων, δυνάμενοι ἐν βάρει εἶναι ὡς Χριστοῦ","ἐγενήθημεν,|ἀφ’|ἀπόστολοι·",,,
1Thess,1 Thessalonians,KnownPauline,4,0.4686,0.1617,0.3116,0.1403,0.1570,False,False,3,pneumatological,τοιγαροῦν ὁ ἀθετῶν οὐκ ἄνθρωπον ἀθετεῖ ἀλλὰ τὸν θεὸν τὸν ⸀καὶ ⸀διδόντα τὸ πνεῦμα αὐτοῦ τὸ ἅγιον εἰς ὑμᾶς.,τοιγαροῦν ὁ ἀθετῶν οὐκ ἄνθρωπον ἀθετεῖ ἀλλὰ τὸν θεὸν ⸀καὶ ⸀διδόντα αὐτοῦ τὸ ἅγιον εἰς ὑμᾶς.,τὸν|τὸ|πνεῦμα,,,
1Thess,1 Thessalonians,KnownPauline,5,0.3143,0.1677,0.6387,0.1359,-0.3244,True,False,4,pneumatological,"τὸ πνεῦμα μὴ σβέννυτε, προφητείας μὴ ἐξουθενεῖτε·","μὴ σβέννυτε, ἐξουθενεῖτε·",τὸ|πνεῦμα|προφητείας|μὴ,RARE,2,0.0297029702970297
1Tim,1 Timothy,Disputed,5,0.3705,0.1821,0.3060,0.1379,0.0645,False,False,2,ecclesiological,"κατὰ πρεσβυτέρου κατηγορίαν μὴ παραδέχου, ἐκτὸς εἰ μὴ ἐπὶ δύο ἢ τριῶν μαρτύρων·","κατηγορίαν μὴ παραδέχου, ἐκτὸς εἰ μὴ ἐπὶ δύο ἢ τριῶν μαρτύρων·",κατὰ|πρεσβυτέρου,,,
Titus,Titus,Disputed,1,0.4325,0.2144,0.5631,0.1918,-0.1306,True,False,2,ecclesiological,"Τούτου χάριν ⸀ἀπέλιπόν σε ἐν Κρήτῃ ἵνα τὰ λείποντα ἐπιδιορθώσῃ, καὶ καταστήσῃς κατὰ πόλιν πρεσβυτέρους, ὡς ἐγώ σοι διεταξάμην, εἴ τίς ἐστιν ἀνέγκλητος, μιᾶς γυναικὸς ἀνήρ, τέκνα ἔχων πιστά, μὴ ἐν κατηγορίᾳ ἀσωτίας ἢ ἀνυπότακτα.","Τούτου χάριν ⸀ἀπέλιπόν σε ἐν Κρήτῃ ἵνα τὰ λείποντα ἐπιδιορθώσῃ, καὶ καταστήσῃς κατὰ πόλιν ὡς ἐγώ σοι διεταξάμην, εἴ τίς ἐστιν ἀνέγκλητος, μιᾶς γυναικὸς ἀνήρ, τέκνα ἔχων πιστά, μὴ ἐν κατηγορίᾳ ἀσωτίας ἀνυπότακτα.","πρεσβυτέρους,|ἢ",FRAGILE,48,0.48514851485148514
Heb,Hebrews,Disputed,10,0.4586,0.1762,0.5339,0.1698,-0.0753,True,False,2,hamartiology,"ἐπεὶ οὐκ ἂν ἐπαύσαντο προσφερόμεναι, διὰ τὸ μηδεμίαν ἔχειν ἔτι συνείδησιν ἁμαρτιῶν τοὺς λατρεύοντας ἅπαξ ⸀κεκαθαρισμένους;","ἐπεὶ οὐκ ἂν ἐπαύσαντο προσφερόμεναι, διὰ τὸ μηδεμίαν ἔχειν ἔτι συνείδησιν λατρεύοντας ἅπαξ ⸀κεκαθαρισμένους;",ἁμαρτιῶν|τοὺς,FRAGILE,43,0.43564356435643564
Heb,Hebrews,Disputed,10,0.4866,0.1466,0.4558,0.1585,0.0308,False,False,6,pneumatological,"μαρτυρεῖ δὲ ἡμῖν καὶ τὸ πνεῦμα τὸ ἅγιον, μετὰ γὰρ τὸ ⸀εἰρηκέναι·",μαρτυρεῖ δὲ ἡμῖν καὶ γὰρ ⸀εἰρηκέναι·,"τὸ|πνεῦμα|τὸ|ἅγιον,|μετὰ|τὸ",,,
Heb,Hebrews,Disputed,12,0.4838,0.3082,0.4129,0.2646,0.0709,False,False,2,pneumatological,οὐ ⸀πολὺ μᾶλλον ὑποταγησόμεθα τῷ πατρὶ τῶν πνευμάτων καὶ ζήσομεν;,οὐ ⸀πολὺ μᾶλλον ὑποταγησόμεθα τῷ πατρὶ καὶ ζήσομεν;,τῶν|πνευμάτων,,,
Heb,Hebrews,Disputed,12,0.3302,0.1639,0.5012,0.1274,-0.1710,True,False,4,eschatological,"διὸ βασιλείαν ἀσάλευτον παραλαμβάνοντες ἔχωμεν χάριν, δι’ ἧς ⸀λατρεύωμεν εὐαρέστως τῷ θεῷ μετὰ ⸂εὐλαβείας καὶ δέους⸃, καὶ γὰρ ὁ θεὸς ἡμῶν πῦρ καταναλίσκον.","διὸ παραλαμβάνοντες ἔχωμεν χάριν, δι’ ἧς ⸀λατρεύωμεν εὐαρέστως τῷ θεῷ μετὰ ⸂εὐλαβείας καὶ δέους⸃, καὶ θεὸς ἡμῶν πῦρ καταναλίσκον.",βασιλείαν|ἀσάλευτον|γὰρ|ὁ,FRAGILE,41,0.4158415841584158
1Pet,1 Peter,Catholic,1,0.3082,0.1495,0.3146,0.1829,-0.0064,False,False,10,pneumatological,"Περὶ ἧς σωτηρίας ἐξεζήτησαν καὶ ἐξηραύνησαν προφῆται οἱ περὶ τῆς εἰς ὑμᾶς χάριτος προφητεύσαντες, ἐραυνῶντες εἰς τίνα ἢ ποῖον καιρὸν ἐδήλου τὸ ἐν αὐτοῖς πνεῦμα Χριστοῦ προμαρτυρόμενον τὰ εἰς Χριστὸν παθήματα καὶ τὰς μετὰ ταῦτα δόξας·","Περὶ ἧς σωτηρίας ἐξεζήτησαν καὶ ἐξηραύνησαν προφῆται χάριτος προφητεύσαντες, ἐραυνῶντες εἰς τίνα ἢ ποῖον καιρὸν ἐδήλου προμαρτυρόμενον τὰ εἰς Χριστὸν παθήματα καὶ τὰς μετὰ ταῦτα δόξας·",οἱ|περὶ|τῆς|εἰς|ὑμᾶς|τὸ|ἐν|αὐτοῖς|πνεῦμα|Χριστοῦ,,,
2Pet,2 Peter,Catholic,1,0.2026,0.1777,0.1327,0.1578,0.0700,False,False,10,pneumatological,"τοῦτο πρῶτον γινώσκοντες ὅτι πᾶσα προφητεία γραφῆς ἰδίας ἐπιλύσεως οὐ γίνεται, οὐ γὰρ θελήματι ἀνθρώπου ἠνέχθη ⸂προφητεία ποτέ⸃, ἀλλὰ ὑπὸ πνεύματος ἁγίου φερόμενοι ἐλάλησαν ⸀ἀπὸ θεοῦ ἄνθρωποι.","τοῦτο πρῶτον γινώσκοντες ὅτι πᾶσα προφητεία γραφῆς οὐ γὰρ θελήματι ἀνθρώπου ἠνέχθη ⸂προφητεία ποτέ⸃, φερόμενοι ἐλάλησαν ἄνθρωποι.","ἰδίας|ἐπιλύσεως|οὐ|γίνεται,|ἀλλὰ|ὑπὸ|πνεύματος|ἁγίου|⸀ἀπὸ|θεοῦ",,,
1John,1 John,Catholic,5,0.4317,0.3042,0.5932,0.2903,-0.1614,True,False,5,pneumatological,"καὶ τὸ πνεῦμά ἐστιν τὸ μαρτυροῦν, ὅτι τὸ πνεῦμά ἐστιν ἡ ἀλήθεια.","καὶ ἐστιν μαρτυροῦν, ὅτι ἐστιν ἡ ἀλήθεια.",τὸ|πνεῦμά|τὸ|τὸ|πνεῦμά,FRAGILE,28,0.2871287128712871
1John,1 John,Catholic,5,0.4979,0.1262,0.6587,0.0714,-0.1607,True,False,2,hamartiology,"πᾶσα ἀδικία ἁμαρτία ἐστίν, καὶ ἔστιν ἁμαρτία οὐ πρὸς θάνατον.","πᾶσα ἀδικία ἐστίν, καὶ ἔστιν οὐ πρὸς θάνατον.",ἁμαρτία|ἁμαρτία,FRAGILE,71,0.7128712871287128
3John,3 John,Catholic,1,0.4571,0.2400,0.2378,0.2079,0.2193,False,False,6,ecclesiological,"Ἀγαπητέ, πιστὸν ποιεῖς ὃ ἐὰν ἐργάσῃ εἰς τοὺς ἀδελφοὺς καὶ ⸀τοῦτο ξένους, οἳ ἐμαρτύρησάν σου τῇ ἀγάπῃ ἐνώπιον ἐκκλησίας, οὓς καλῶς ποιήσεις προπέμψας ἀξίως τοῦ θεοῦ·","Ἀγαπητέ, πιστὸν ποιεῖς ὃ ἐὰν τοὺς ἀδελφοὺς καὶ ⸀τοῦτο ξένους, οἳ ἐμαρτύρησάν σου τῇ ἀγάπῃ οὓς καλῶς ποιήσεις προπέμψας ἀξίως","ἐργάσῃ|εἰς|ἐνώπιον|ἐκκλησίας,|τοῦ|θεοῦ·",,,
Rev,Revelation,Apocalyptic,3,0.3051,0.2236,0.4185,0.1547,-0.1135,False,False,1,hamartiology,⸀ζήλευε οὖν καὶ μετανόησον.,⸀ζήλευε οὖν καὶ,μετανόησον.,,,
Rev,Revelation,Apocalyptic,5,0.4822,0.1488,0.3925,0.1880,0.0897,False,False,2,ecclesiological,Ἀμήν. καὶ οἱ πρεσβύτεροι ἔπεσαν καὶ προσεκύνησαν.,Ἀμήν. καὶ ἔπεσαν καὶ προσεκύνησαν.,οἱ|πρεσβύτεροι,,,
